<?xml version="1.0" encoding="utf-8"?>
<modification>
	<name>Multi-Currency Display (EUR main, BGN secondary)</name>
	<code>multicurrency_display</code>
	<version>1.0.2</version>
	<author>Network Technology</author>
	<link>https://ntg.bg</link>

	<file path="system/library/cart/currency.php">

		<!-- Inject $config property -->
		<operation>
			<search><![CDATA[private $currencies = array();]]></search>
			<add position="after"><![CDATA[
	private $config;
			]]></add>
		</operation>

		<!-- Retrieve config from registry -->
		<operation>
			<search><![CDATA[$this->language = $registry->get('language');]]></search>
			<add position="after"><![CDATA[
		if ($registry->has('config')) {
			$this->config = $registry->get('config');
		}
			]]></add>
		</operation>

		<!-- Stop formatting if the currency is not recognized -->
		<operation>
			<search><![CDATA[public function format($number, $currency, $value = '', $format = true) {]]></search>
			<add position="after"><![CDATA[
		if (!isset($this->currencies[$currency])) {
			return '';
		}
		]]></add>
		</operation>

		<!-- Core logic: add BGN only when default currency = EUR AND formatting currency = EUR -->
		<operation>
			<search><![CDATA[return $string;]]></search>
			<add position="replace"><![CDATA[
		if ($format && isset($this->config)) {
			$default_currency = $this->config->get('config_currency');

			// If default currency is EUR and we are formatting EUR, also display BGN in brackets
			if ($default_currency == 'EUR' && $currency == 'EUR' && isset($this->currencies['BGN'])) {

				$secondary_currency = 'BGN';
				// Use $amount (already converted by OC), not the raw $number
				$secondary_value = $this->convert($amount, $currency, $secondary_currency);

				$sec_symbol_left   = $this->currencies[$secondary_currency]['symbol_left'];
				$sec_symbol_right  = $this->currencies[$secondary_currency]['symbol_right'];
				$sec_decimal_place = $this->currencies[$secondary_currency]['decimal_place'];

				$secondary_price = '';
				if ($sec_symbol_left) {
					$secondary_price .= $sec_symbol_left;
				}

				$secondary_price .= number_format(
					round($secondary_value, (int)$sec_decimal_place),
					(int)$sec_decimal_place,
					$this->language->get('decimal_point'),
					$this->language->get('thousand_point')
				);

				if ($sec_symbol_right) {
					$secondary_price .= $sec_symbol_right;
				}

				return $string . ' (' . $secondary_price . ')';
			}
		}

		return $string;
			]]></add>
		</operation>

		<!-- Keep decimal rounding fix -->
		<operation>
			<search><![CDATA[return $amount;]]></search>
			<add position="replace"><![CDATA[
		return number_format($amount, (int)$decimal_place, '.', '');
			]]></add>
		</operation>

		<!-- Remove forced decimal cleanup -->
		<operation>
			<search><![CDATA[$string = str_replace($this->language->get('decimal_point').'00', '', $string);]]></search>
			<add position="replace"><![CDATA[
		// Removed automatic decimal cleanup
			]]></add>
		</operation>

	</file>
</modification>
